"Date","Instrument Name","Symbol","Expiry Date","Option Type","Strike Price","Open","High","Low","Close","Previous Close","Volume(Lots)","Volume(In 000's)","Value(Lacs)","Open Interest(Lots)"
"30 Nov 2018","FUTCOM","CRUDEOILM    ","18DEC2018","-","0.00","3624.00","3633.00","3482.00","3576.00","3634.00","449281","4492.810 BBL  ","159776.54","33118"
"29 Nov 2018","FUTCOM","CRUDEOILM    ","18DEC2018","-","0.00","3614.00","3647.00","3454.00","3634.00","3634.00","456657","4566.570 BBL  ","162720.59","30679"
"28 Nov 2018","FUTCOM","CRUDEOILM    ","18DEC2018","-","0.00","3655.00","3723.00","3590.00","3634.00","3628.00","430587","4305.870 BBL  ","157261.29","34321"
"27 Nov 2018","FUTCOM","CRUDEOILM    ","18DEC2018","-","0.00","3650.00","3726.00","3583.00","3628.00","3677.00","403763","4037.630 BBL  ","147725.34","32871"
"26 Nov 2018","FUTCOM","CRUDEOILM    ","18DEC2018","-","0.00","3614.00","3711.00","3581.00","3677.00","3624.00","332149","3321.490 BBL  ","121309.48","32756"
"23 Nov 2018","FUTCOM","CRUDEOILM    ","18DEC2018","-","0.00","3808.00","3808.00","3575.00","3624.00","3823.00","293633","2936.330 BBL  ","106727.13","37614"
"22 Nov 2018","FUTCOM","CRUDEOILM    ","18DEC2018","-","0.00","3930.00","3930.00","3811.00","3823.00","3950.00","286369","2863.690 BBL  ","110275.99","35557"
"21 Nov 2018","FUTCOM","CRUDEOILM    ","18DEC2018","-","0.00","3832.00","3987.00","3832.00","3950.00","3855.00","357582","3575.820 BBL  ","139641.31","30425"
"20 Nov 2018","FUTCOM","CRUDEOILM    ","18DEC2018","-","0.00","4060.00","4118.00","3827.00","3855.00","4071.00","416259","4162.590 BBL  ","166129.57","40642"
"19 Nov 2018","FUTCOM","CRUDEOILM    ","18DEC2018","-","0.00","4125.00","4153.00","3960.00","4071.00","4109.00","319184","3191.840 BBL  ","129588.83","28846"
"16 Nov 2018","FUTCOM","CRUDEOILM    ","16NOV2018","-","0.00","4110.00","4159.00","4010.00","4054.00","4070.00","273371","2733.710 BBL  ","112304.53","7343"
"15 Nov 2018","FUTCOM","CRUDEOILM    ","16NOV2018","-","0.00","4070.00","4122.00","4012.00","4070.00","4089.00","293574","2935.740 BBL  ","119381.20","15547"
"14 Nov 2018","FUTCOM","CRUDEOILM    ","16NOV2018","-","0.00","4050.00","4146.00","3974.00","4089.00","4105.00","395404","3954.040 BBL  ","160649.29","19150"
"13 Nov 2018","FUTCOM","CRUDEOILM    ","16NOV2018","-","0.00","4373.00","4373.00","4065.00","4105.00","4407.00","360452","3604.520 BBL  ","152368.23","31607"
"12 Nov 2018","FUTCOM","CRUDEOILM    ","16NOV2018","-","0.00","4370.00","4481.00","4370.00","4407.00","4363.00","258950","2589.500 BBL  ","114969.86","29068"
"09 Nov 2018","FUTCOM","CRUDEOILM    ","16NOV2018","-","0.00","4410.00","4423.00","4296.00","4363.00","4432.00","283198","2831.980 BBL  ","123380.03","33866"
"08 Nov 2018","FUTCOM","CRUDEOILM    ","16NOV2018","-","0.00","4540.00","4540.00","4404.00","4432.00","4557.00","167402","1674.020 BBL  ","74410.62","37571"
"07 Nov 2018","FUTCOM","CRUDEOILM    ","16NOV2018","-","0.00","4528.00","4576.00","4528.00","4557.00","4503.00","24210","242.100 BBL  ","11045.91","32520"
"06 Nov 2018","FUTCOM","CRUDEOILM    ","16NOV2018","-","0.00","4624.00","4624.00","4481.00","4503.00","4634.00","249046","2490.460 BBL  ","113738.95","35587"
"05 Nov 2018","FUTCOM","CRUDEOILM    ","16NOV2018","-","0.00","4590.00","4684.00","4565.00","4634.00","4608.00","227795","2277.950 BBL  ","105374.84","32228"
"02 Nov 2018","FUTCOM","CRUDEOILM    ","16NOV2018","-","0.00","4644.00","4665.00","4561.00","4608.00","4660.00","288448","2884.480 BBL  ","133086.00","37262"
"01 Nov 2018","FUTCOM","CRUDEOILM    ","16NOV2018","-","0.00","4875.00","4875.00","4629.00","4660.00","4893.00","335113","3351.130 BBL  ","158715.98","37826"
"31 Oct 2018","FUTCOM","CRUDEOILM    ","16NOV2018","-","0.00","4897.00","4962.00","4875.00","4893.00","4890.00","269898","2698.980 BBL  ","132713.04","22737"
"30 Oct 2018","FUTCOM","CRUDEOILM    ","16NOV2018","-","0.00","4956.00","4956.00","4818.00","4890.00","4956.00","276159","2761.590 BBL  ","135019.51","21495"
"29 Oct 2018","FUTCOM","CRUDEOILM    ","16NOV2018","-","0.00","4963.00","4980.00","4907.00","4956.00","4951.00","238238","2382.380 BBL  ","117813.26","19166"
"26 Oct 2018","FUTCOM","CRUDEOILM    ","16NOV2018","-","0.00","4928.00","4976.00","4869.00","4951.00","4947.00","251914","2519.140 BBL  ","123900.10","18825"
"25 Oct 2018","FUTCOM","CRUDEOILM    ","16NOV2018","-","0.00","4921.00","4968.00","4855.00","4947.00","4938.00","220507","2205.070 BBL  ","108491.38","19970"
"24 Oct 2018","FUTCOM","CRUDEOILM    ","16NOV2018","-","0.00","4889.00","4978.00","4854.00","4938.00","4889.00","297179","2971.790 BBL  ","146067.33","20673"
"23 Oct 2018","FUTCOM","CRUDEOILM    ","16NOV2018","-","0.00","5118.00","5128.00","4851.00","4889.00","5108.00","304778","3047.780 BBL  ","151966.00","31298"
"22 Oct 2018","FUTCOM","CRUDEOILM    ","16NOV2018","-","0.00","5115.00","5135.00","5054.00","5108.00","5116.00","201192","2011.920 BBL  ","102652.92","18651"
"19 Oct 2018","FUTCOM","CRUDEOILM    ","19OCT2018","-","0.00","5048.00","5124.00","5034.00","5076.00","5076.00","176726","1767.260 BBL  ","89807.45","7810"
"18 Oct 2018","FUTCOM","CRUDEOILM    ","19OCT2018","-","0.00","5108.00","5134.00","5043.00","5076.00","5134.00","157633","1576.330 BBL  ","80186.35","15884"
"17 Oct 2018","FUTCOM","CRUDEOILM    ","19OCT2018","-","0.00","5290.00","5310.00","5119.00","5134.00","5281.00","272956","2729.560 BBL  ","142271.32","21485"
"16 Oct 2018","FUTCOM","CRUDEOILM    ","19OCT2018","-","0.00","5285.00","5319.00","5215.00","5281.00","5273.00","244989","2449.890 BBL  ","128873.47","19702"
"15 Oct 2018","FUTCOM","CRUDEOILM    ","19OCT2018","-","0.00","5261.00","5333.00","5233.00","5273.00","5242.00","262543","2625.430 BBL  ","138752.28","20339"
"12 Oct 2018","FUTCOM","CRUDEOILM    ","19OCT2018","-","0.00","5256.00","5318.00","5212.00","5242.00","5256.00","256048","2560.480 BBL  ","134765.59","21904"
"11 Oct 2018","FUTCOM","CRUDEOILM    ","19OCT2018","-","0.00","5423.00","5423.00","5251.00","5256.00","5455.00","296367","2963.670 BBL  ","157668.50","23727"
"10 Oct 2018","FUTCOM","CRUDEOILM    ","19OCT2018","-","0.00","5550.00","5574.00","5415.00","5455.00","5572.00","248492","2484.920 BBL  ","136631.36","24101"
"09 Oct 2018","FUTCOM","CRUDEOILM    ","19OCT2018","-","0.00","5515.00","5584.00","5488.00","5572.00","5494.00","235615","2356.150 BBL  ","130659.98","28193"
"08 Oct 2018","FUTCOM","CRUDEOILM    ","19OCT2018","-","0.00","5519.00","5519.00","5424.00","5494.00","5547.00","221052","2210.520 BBL  ","120916.14","28123"
"05 Oct 2018","FUTCOM","CRUDEOILM    ","19OCT2018","-","0.00","5505.00","5590.00","5466.00","5547.00","5487.00","305929","3059.290 BBL  ","169120.36","31625"
"04 Oct 2018","FUTCOM","CRUDEOILM    ","19OCT2018","-","0.00","5639.00","5646.00","5465.00","5487.00","5647.00","268476","2684.760 BBL  ","149696.54","31569"
"03 Oct 2018","FUTCOM","CRUDEOILM    ","19OCT2018","-","0.00","5476.00","5668.00","5458.00","5647.00","5501.00","312573","3125.730 BBL  ","173158.39","44259"
"01 Oct 2018","FUTCOM","CRUDEOILM    ","19OCT2018","-","0.00","5355.00","5513.00","5325.00","5501.00","5336.00","259982","2599.820 BBL  ","140503.17","49020"
"28 Sep 2018","FUTCOM","CRUDEOILM    ","19OCT2018","-","0.00","5252.00","5356.00","5221.00","5336.00","5238.00","244309","2443.090 BBL  ","129027.56","43731"
"27 Sep 2018","FUTCOM","CRUDEOILM    ","19OCT2018","-","0.00","5240.00","5283.00","5212.00","5238.00","5213.00","219131","2191.310 BBL  ","115017.23","35913"
"26 Sep 2018","FUTCOM","CRUDEOILM    ","19OCT2018","-","0.00","5260.00","5273.00","5200.00","5213.00","5272.00","204032","2040.320 BBL  ","106855.87","34425"
"25 Sep 2018","FUTCOM","CRUDEOILM    ","19OCT2018","-","0.00","5272.00","5305.00","5241.00","5272.00","5272.00","225636","2256.360 BBL  ","119026.22","41790"
"24 Sep 2018","FUTCOM","CRUDEOILM    ","19OCT2018","-","0.00","5152.00","5306.00","5152.00","5272.00","5147.00","282412","2824.120 BBL  ","148359.75","43424"
"21 Sep 2018","FUTCOM","CRUDEOILM    ","19OCT2018","-","0.00","5058.00","5192.00","5056.00","5147.00","5062.00","331983","3319.830 BBL  ","170133.18","33510"
"20 Sep 2018","FUTCOM","CRUDEOILM    ","19OCT2018","-","0.00","5096.00","5136.00","5054.00","5062.00","5098.00","166271","1662.710 BBL  ","84658.27","28207"
"19 Sep 2018","FUTCOM","CRUDEOILM    ","19SEP2018","-","0.00","5068.00","5164.00","5061.00","5169.00","5055.00","226377","2263.770 BBL  ","115684.32","10721"
"18 Sep 2018","FUTCOM","CRUDEOILM    ","19SEP2018","-","0.00","5000.00","5118.00","4961.00","5055.00","4995.00","258554","2585.540 BBL  ","130678.57","17670"
"17 Sep 2018","FUTCOM","CRUDEOILM    ","19SEP2018","-","0.00","4992.00","5050.00","4966.00","4995.00","4951.00","230347","2303.470 BBL  ","115415.93","18859"
"14 Sep 2018","FUTCOM","CRUDEOILM    ","19SEP2018","-","0.00","4933.00","5024.00","4889.00","4951.00","4920.00","274167","2741.670 BBL  ","135621.99","20337"
"13 Sep 2018","FUTCOM","CRUDEOILM    ","19SEP2018","-","0.00","5060.00","5060.00","4904.00","4920.00","5085.00","167803","1678.030 BBL  ","83139.92","22001"
"12 Sep 2018","FUTCOM","CRUDEOILM    ","19SEP2018","-","0.00","5056.00","5139.00","5020.00","5085.00","5045.00","297729","2977.290 BBL  ","151060.96","29768"
"11 Sep 2018","FUTCOM","CRUDEOILM    ","19SEP2018","-","0.00","4920.00","5054.00","4892.00","5045.00","4917.00","250767","2507.670 BBL  ","124570.21","29766"
"10 Sep 2018","FUTCOM","CRUDEOILM    ","19SEP2018","-","0.00","4888.00","4969.00","4888.00","4917.00","4883.00","231927","2319.270 BBL  ","114493.62","21618"
"07 Sep 2018","FUTCOM","CRUDEOILM    ","19SEP2018","-","0.00","4885.00","4894.00","4809.00","4883.00","4883.00","230660","2306.600 BBL  ","112071.45","21254"
"06 Sep 2018","FUTCOM","CRUDEOILM    ","19SEP2018","-","0.00","4949.00","4972.00","4828.00","4883.00","4934.00","282840","2828.400 BBL  ","138940.52","24321"
"05 Sep 2018","FUTCOM","CRUDEOILM    ","19SEP2018","-","0.00","4985.00","4988.00","4924.00","4934.00","5012.00","265187","2651.870 BBL  ","131457.14","28962"
"04 Sep 2018","FUTCOM","CRUDEOILM    ","19SEP2018","-","0.00","4999.00","5114.00","4988.00","5012.00","5012.00","309539","3095.390 BBL  ","156090.67","33519"
"03 Sep 2018","FUTCOM","CRUDEOILM    ","19SEP2018","-","0.00","4952.00","5029.00","4926.00","5012.00","4959.00","162848","1628.480 BBL  ","81042.86","37567"
"31 Aug 2018","FUTCOM","CRUDEOILM    ","19SEP2018","-","0.00","4991.00","5000.00","4946.00","4959.00","4997.00","190098","1900.980 BBL  ","94479.48","33494"
"30 Aug 2018","FUTCOM","CRUDEOILM    ","19SEP2018","-","0.00","4925.00","5012.00","4920.00","4997.00","4925.00","196985","1969.850 BBL  ","97782.42","39763"
"29 Aug 2018","FUTCOM","CRUDEOILM    ","19SEP2018","-","0.00","4822.00","4935.00","4822.00","4925.00","4808.00","237481","2374.810 BBL  ","115931.98","35014"
"28 Aug 2018","FUTCOM","CRUDEOILM    ","19SEP2018","-","0.00","4835.00","4864.00","4796.00","4808.00","4826.00","202519","2025.190 BBL  ","97896.43","25616"
"27 Aug 2018","FUTCOM","CRUDEOILM    ","19SEP2018","-","0.00","4803.00","4842.00","4797.00","4826.00","4805.00","173120","1731.200 BBL  ","83425.55","28204"
"24 Aug 2018","FUTCOM","CRUDEOILM    ","19SEP2018","-","0.00","4785.00","4856.00","4780.00","4805.00","4775.00","178880","1788.800 BBL  ","86248.58","25671"
"23 Aug 2018","FUTCOM","CRUDEOILM    ","19SEP2018","-","0.00","4764.00","4788.00","4735.00","4775.00","4763.00","187036","1870.360 BBL  ","89084.91","22089"
"22 Aug 2018","FUTCOM","CRUDEOILM    ","19SEP2018","-","0.00","4624.00","4770.00","4624.00","4763.00","4620.00","187174","1871.740 BBL  ","88461.85","22096"
"21 Aug 2018","FUTCOM","CRUDEOILM    ","19SEP2018","-","0.00","4584.00","4664.00","4564.00","4620.00","4582.00","203114","2031.140 BBL  ","93793.13","13963"
"20 Aug 2018","FUTCOM","CRUDEOILM    ","20AUG2018","-","0.00","4614.00","4643.00","4480.00","4634.00","4597.00","177322","1773.220 BBL  ","81663.09","4839"
"17 Aug 2018","FUTCOM","CRUDEOILM    ","20AUG2018","-","0.00","4582.00","4666.00","4580.00","4597.00","4584.00","207602","2076.020 BBL  ","95802.14","9332"
"16 Aug 2018","FUTCOM","CRUDEOILM    ","20AUG2018","-","0.00","4681.00","4681.00","4536.00","4584.00","4712.00","210492","2104.920 BBL  ","96279.30","12246"
"14 Aug 2018","FUTCOM","CRUDEOILM    ","20AUG2018","-","0.00","4659.00","4782.00","4659.00","4712.00","4642.00","266627","2666.270 BBL  ","126142.25","13632"
"13 Aug 2018","FUTCOM","CRUDEOILM    ","20AUG2018","-","0.00","4680.00","4736.00","4612.00","4642.00","4674.00","265635","2656.350 BBL  ","124443.93","13657"
"10 Aug 2018","FUTCOM","CRUDEOILM    ","20AUG2018","-","0.00","4594.00","4679.00","4564.00","4674.00","4603.00","209649","2096.490 BBL  ","97084.73","15486"
"09 Aug 2018","FUTCOM","CRUDEOILM    ","20AUG2018","-","0.00","4585.00","4637.00","4566.00","4603.00","4568.00","224956","2249.560 BBL  ","103542.09","18876"
"08 Aug 2018","FUTCOM","CRUDEOILM    ","20AUG2018","-","0.00","4765.00","4765.00","4553.00","4568.00","4761.00","299931","2999.310 BBL  ","139676.39","25733"
"07 Aug 2018","FUTCOM","CRUDEOILM    ","20AUG2018","-","0.00","4761.00","4796.00","4738.00","4761.00","4767.00","202645","2026.450 BBL  ","96603.86","18893"
"06 Aug 2018","FUTCOM","CRUDEOILM    ","20AUG2018","-","0.00","4700.00","4810.00","4700.00","4767.00","4686.00","220951","2209.510 BBL  ","105338.80","19613"
"03 Aug 2018","FUTCOM","CRUDEOILM    ","20AUG2018","-","0.00","4749.00","4763.00","4654.00","4686.00","4743.00","231916","2319.160 BBL  ","109387.24","16776"
"02 Aug 2018","FUTCOM","CRUDEOILM    ","20AUG2018","-","0.00","4633.00","4761.00","4593.00","4743.00","4631.00","248761","2487.610 BBL  ","116191.01","19534"
"01 Aug 2018","FUTCOM","CRUDEOILM    ","20AUG2018","-","0.00","4714.00","4714.00","4611.00","4631.00","4736.00","240002","2400.020 BBL  ","111630.11","20164"
"31 Jul 2018","FUTCOM","CRUDEOILM    ","20AUG2018","-","0.00","4802.00","4804.00","4702.00","4736.00","4823.00","211066","2110.660 BBL  ","100314.86","18065"
"30 Jul 2018","FUTCOM","CRUDEOILM    ","20AUG2018","-","0.00","4733.00","4840.00","4733.00","4823.00","4714.00","196099","1960.990 BBL  ","94136.01","23133"
"27 Jul 2018","FUTCOM","CRUDEOILM    ","20AUG2018","-","0.00","4789.00","4797.00","4696.00","4714.00","4801.00","183318","1833.180 BBL  ","87247.88","16117"
"26 Jul 2018","FUTCOM","CRUDEOILM    ","20AUG2018","-","0.00","4770.00","4811.00","4744.00","4801.00","4779.00","188996","1889.960 BBL  ","90314.17","19844"
"25 Jul 2018","FUTCOM","CRUDEOILM    ","20AUG2018","-","0.00","4750.00","4797.00","4702.00","4779.00","4746.00","233577","2335.770 BBL  ","110865.01","18734"
"24 Jul 2018","FUTCOM","CRUDEOILM    ","20AUG2018","-","0.00","4679.00","4774.00","4671.00","4746.00","4689.00","216095","2160.950 BBL  ","102009.57","17751"
"23 Jul 2018","FUTCOM","CRUDEOILM    ","20AUG2018","-","0.00","4708.00","4788.00","4671.00","4689.00","4706.00","224679","2246.790 BBL  ","106285.73","15112"
"20 Jul 2018","FUTCOM","CRUDEOILM    ","20AUG2018","-","0.00","4713.00","4754.00","4666.00","4706.00","4697.00","190406","1904.060 BBL  ","89639.83","16046"
"19 Jul 2018","FUTCOM","CRUDEOILM    ","19JUL2018","-","0.00","4710.00","4830.00","4667.00","4781.00","4700.00","186021","1860.210 BBL  ","88384.17","8703"
"18 Jul 2018","FUTCOM","CRUDEOILM    ","19JUL2018","-","0.00","4650.00","4705.00","4593.00","4700.00","4668.00","180940","1809.400 BBL  ","84025.78","14701"
"17 Jul 2018","FUTCOM","CRUDEOILM    ","19JUL2018","-","0.00","4647.00","4680.00","4585.00","4668.00","4641.00","235854","2358.540 BBL  ","109368.13","15451"
"16 Jul 2018","FUTCOM","CRUDEOILM    ","19JUL2018","-","0.00","4863.00","4863.00","4632.00","4641.00","4883.00","178081","1780.810 BBL  ","84786.14","18461"
"13 Jul 2018","FUTCOM","CRUDEOILM    ","19JUL2018","-","0.00","4799.00","4906.00","4783.00","4883.00","4778.00","198629","1986.290 BBL  ","96042.13","22094"
"12 Jul 2018","FUTCOM","CRUDEOILM    ","19JUL2018","-","0.00","4880.00","4880.00","4736.00","4778.00","4900.00","262282","2622.820 BBL  ","126203.63","22010"
"11 Jul 2018","FUTCOM","CRUDEOILM    ","19JUL2018","-","0.00","5065.00","5080.00","4877.00","4900.00","5069.00","215462","2154.620 BBL  ","107927.12","28564"
"10 Jul 2018","FUTCOM","CRUDEOILM    ","19JUL2018","-","0.00","5069.00","5134.00","5060.00","5069.00","5050.00","212834","2128.340 BBL  ","108495.33","36478"
"09 Jul 2018","FUTCOM","CRUDEOILM    ","19JUL2018","-","0.00","5080.00","5100.00","5015.00","5050.00","5076.00","205355","2053.550 BBL  ","103874.31","36602"
"06 Jul 2018","FUTCOM","CRUDEOILM    ","19JUL2018","-","0.00","5030.00","5086.00","4971.00","5076.00","5040.00","233129","2331.290 BBL  ","117272.40","40713"
"05 Jul 2018","FUTCOM","CRUDEOILM    ","19JUL2018","-","0.00","5105.00","5155.00","5027.00","5040.00","5125.00","239586","2395.860 BBL  ","121888.19","36196"
"04 Jul 2018","FUTCOM","CRUDEOILM    ","19JUL2018","-","0.00","5100.00","5136.00","5047.00","5125.00","5079.00","178139","1781.390 BBL  ","90648.30","42777"
"03 Jul 2018","FUTCOM","CRUDEOILM    ","19JUL2018","-","0.00","5119.00","5200.00","4996.00","5079.00","5107.00","271156","2711.560 BBL  ","138039.24","40335"
"02 Jul 2018","FUTCOM","CRUDEOILM    ","19JUL2018","-","0.00","5066.00","5127.00","5015.00","5107.00","5084.00","241128","2411.280 BBL  ","122511.78","46771"
"29 Jun 2018","FUTCOM","CRUDEOILM    ","19JUL2018","-","0.00","5061.00","5103.00","5010.00","5084.00","5075.00","191262","1912.620 BBL  ","96767.35","43895"
"28 Jun 2018","FUTCOM","CRUDEOILM    ","19JUL2018","-","0.00","5020.00","5107.00","4981.00","5075.00","5029.00","255584","2555.840 BBL  ","128838.90","43818"
"27 Jun 2018","FUTCOM","CRUDEOILM    ","19JUL2018","-","0.00","4825.00","5046.00","4825.00","5029.00","4815.00","272152","2721.520 BBL  ","134689.63","45512"
"26 Jun 2018","FUTCOM","CRUDEOILM    ","19JUL2018","-","0.00","4661.00","4838.00","4629.00","4815.00","4657.00","305590","3055.900 BBL  ","144186.36","40774"
"25 Jun 2018","FUTCOM","CRUDEOILM    ","19JUL2018","-","0.00","4661.00","4735.00","4636.00","4657.00","4671.00","234494","2344.940 BBL  ","109809.23","30548"
"22 Jun 2018","FUTCOM","CRUDEOILM    ","19JUL2018","-","0.00","4505.00","4684.00","4487.00","4671.00","4496.00","325678","3256.780 BBL  ","149158.57","33593"
"21 Jun 2018","FUTCOM","CRUDEOILM    ","19JUL2018","-","0.00","4477.00","4509.00","4392.00","4496.00","4485.00","264393","2643.930 BBL  ","117574.78","21864"
"20 Jun 2018","FUTCOM","CRUDEOILM    ","19JUL2018","-","0.00","4428.00","4528.00","4428.00","4485.00","4418.00","284168","2841.680 BBL  ","127160.64","21662"
"19 Jun 2018","FUTCOM","CRUDEOILM    ","19JUN2018","-","0.00","4451.00","4475.00","4389.00","4435.00","4481.00","182067","1820.670 BBL  ","80623.57","10659"
"18 Jun 2018","FUTCOM","CRUDEOILM    ","19JUN2018","-","0.00","4421.00","4489.00","4333.00","4481.00","4434.00","205022","2050.220 BBL  ","90580.49","20422"
"15 Jun 2018","FUTCOM","CRUDEOILM    ","19JUN2018","-","0.00","4525.00","4553.00","4401.00","4434.00","4516.00","209245","2092.450 BBL  ","93876.26","19602"
"14 Jun 2018","FUTCOM","CRUDEOILM    ","19JUN2018","-","0.00","4496.00","4539.00","4487.00","4516.00","4506.00","172724","1727.240 BBL  ","77955.94","24149"
"13 Jun 2018","FUTCOM","CRUDEOILM    ","19JUN2018","-","0.00","4470.00","4516.00","4453.00","4506.00","4477.00","177436","1774.360 BBL  ","79538.46","24872"
"12 Jun 2018","FUTCOM","CRUDEOILM    ","19JUN2018","-","0.00","4466.00","4510.00","4445.00","4477.00","4472.00","183867","1838.670 BBL  ","82289.12","24935"
"11 Jun 2018","FUTCOM","CRUDEOILM    ","19JUN2018","-","0.00","4437.00","4477.00","4378.00","4472.00","4443.00","201129","2011.290 BBL  ","89022.83","26511"
"08 Jun 2018","FUTCOM","CRUDEOILM    ","19JUN2018","-","0.00","4454.00","4478.00","4408.00","4443.00","4444.00","191289","1912.890 BBL  ","85014.70","25065"
"07 Jun 2018","FUTCOM","CRUDEOILM    ","19JUN2018","-","0.00","4345.00","4454.00","4345.00","4444.00","4342.00","209780","2097.800 BBL  ","92359.94","25782"
"06 Jun 2018","FUTCOM","CRUDEOILM    ","19JUN2018","-","0.00","4400.00","4425.00","4306.00","4342.00","4392.00","232301","2323.010 BBL  ","101335.40","30188"
"05 Jun 2018","FUTCOM","CRUDEOILM    ","19JUN2018","-","0.00","4369.00","4399.00","4314.00","4392.00","4352.00","230830","2308.300 BBL  ","100601.58","28850"
"04 Jun 2018","FUTCOM","CRUDEOILM    ","19JUN2018","-","0.00","4418.00","4435.00","4342.00","4352.00","4429.00","218912","2189.120 BBL  ","96098.55","32736"
"01 Jun 2018","FUTCOM","CRUDEOILM    ","19JUN2018","-","0.00","4505.00","4532.00","4417.00","4429.00","4516.00","251683","2516.830 BBL  ","112582.06","31017"
"31 May 2018","FUTCOM","CRUDEOILM    ","19JUN2018","-","0.00","4607.00","4620.00","4501.00","4516.00","4614.00","258053","2580.530 BBL  ","117553.31","28691"
"30 May 2018","FUTCOM","CRUDEOILM    ","19JUN2018","-","0.00","4522.00","4628.00","4506.00","4614.00","4526.00","215722","2157.220 BBL  ","98395.11","28945"
"29 May 2018","FUTCOM","CRUDEOILM    ","19JUN2018","-","0.00","4518.00","4576.00","4485.00","4526.00","4508.00","242322","2423.220 BBL  ","109898.36","27815"
"28 May 2018","FUTCOM","CRUDEOILM    ","19JUN2018","-","0.00","4588.00","4588.00","4460.00","4508.00","4597.00","192958","1929.580 BBL  ","86837.41","30989"
"25 May 2018","FUTCOM","CRUDEOILM    ","19JUN2018","-","0.00","4851.00","4851.00","4581.00","4597.00","4859.00","267444","2674.440 BBL  ","125832.72","33369"
"24 May 2018","FUTCOM","CRUDEOILM    ","19JUN2018","-","0.00","4902.00","4914.00","4835.00","4859.00","4914.00","184668","1846.680 BBL  ","89955.26","33982"
"23 May 2018","FUTCOM","CRUDEOILM    ","19JUN2018","-","0.00","4931.00","4945.00","4886.00","4914.00","4929.00","189917","1899.170 BBL  ","93353.24","38766"
"22 May 2018","FUTCOM","CRUDEOILM    ","19JUN2018","-","0.00","4938.00","4973.00","4916.00","4929.00","4938.00","180820","1808.200 BBL  ","89449.01","37690"
"21 May 2018","FUTCOM","CRUDEOILM    ","21MAY2018","-","0.00","4870.00","4927.00","4852.00","4919.00","4854.00","149108","1491.080 BBL  ","72831.87","18023"
"18 May 2018","FUTCOM","CRUDEOILM    ","21MAY2018","-","0.00","4845.00","4880.00","4827.00","4854.00","4833.00","155228","1552.280 BBL  ","75394.84","29235"
"17 May 2018","FUTCOM","CRUDEOILM    ","21MAY2018","-","0.00","4829.00","4899.00","4822.00","4833.00","4820.00","215456","2154.560 BBL  ","104796.96","32786"
"16 May 2018","FUTCOM","CRUDEOILM    ","21MAY2018","-","0.00","4843.00","4845.00","4793.00","4820.00","4850.00","197654","1976.540 BBL  ","95253.66","33263"
"15 May 2018","FUTCOM","CRUDEOILM    ","21MAY2018","-","0.00","4793.00","4894.00","4781.00","4850.00","4794.00","242550","2425.500 BBL  ","117336.15","36132"
"14 May 2018","FUTCOM","CRUDEOILM    ","21MAY2018","-","0.00","4770.00","4814.00","4730.00","4794.00","4793.00","164014","1640.140 BBL  ","78382.23","36180"
"11 May 2018","FUTCOM","CRUDEOILM    ","21MAY2018","-","0.00","4775.00","4824.00","4766.00","4793.00","4757.00","166794","1667.940 BBL  ","79963.89","34426"
"10 May 2018","FUTCOM","CRUDEOILM    ","21MAY2018","-","0.00","4808.00","4897.00","4733.00","4757.00","4800.00","207383","2073.830 BBL  ","99310.64","33119"
"09 May 2018","FUTCOM","CRUDEOILM    ","21MAY2018","-","0.00","4634.00","4817.00","4634.00","4800.00","4624.00","254674","2546.740 BBL  ","121718.95","41438"
"08 May 2018","FUTCOM","CRUDEOILM    ","21MAY2018","-","0.00","4740.00","4740.00","4560.00","4624.00","4749.00","337137","3371.370 BBL  ","156988.58","32357"
"07 May 2018","FUTCOM","CRUDEOILM    ","21MAY2018","-","0.00","4682.00","4775.00","4682.00","4749.00","4668.00","198548","1985.480 BBL  ","94090.81","51007"
"04 May 2018","FUTCOM","CRUDEOILM    ","21MAY2018","-","0.00","4551.00","4684.00","4551.00","4668.00","4571.00","257475","2574.750 BBL  ","118739.68","51030"
"03 May 2018","FUTCOM","CRUDEOILM    ","21MAY2018","-","0.00","4502.00","4578.00","4492.00","4571.00","4512.00","249664","2496.640 BBL  ","113076.32","40991"
"02 May 2018","FUTCOM","CRUDEOILM    ","21MAY2018","-","0.00","4500.00","4529.00","4476.00","4512.00","4488.00","262016","2620.160 BBL  ","118000.96","37684"
"01 May 2018","FUTCOM","CRUDEOILM    ","21MAY2018","-","0.00","4575.00","4575.00","4472.00","4488.00","4584.00","157869","1578.690 BBL  ","71315.43","39688"
"30 Apr 2018","FUTCOM","CRUDEOILM    ","21MAY2018","-","0.00","4526.00","4611.00","4473.00","4584.00","4547.00","280678","2806.780 BBL  ","127087.69","40874"
"27 Apr 2018","FUTCOM","CRUDEOILM    ","21MAY2018","-","0.00","4545.00","4562.00","4520.00","4547.00","4558.00","189782","1897.820 BBL  ","86179.79","35749"
"26 Apr 2018","FUTCOM","CRUDEOILM    ","21MAY2018","-","0.00","4575.00","4595.00","4537.00","4558.00","4564.00","238540","2385.400 BBL  ","108915.25","36899"
"25 Apr 2018","FUTCOM","CRUDEOILM    ","21MAY2018","-","0.00","4512.00","4574.00","4507.00","4564.00","4532.00","271415","2714.150 BBL  ","123181.02","37581"
"24 Apr 2018","FUTCOM","CRUDEOILM    ","21MAY2018","-","0.00","4580.00","4616.00","4511.00","4532.00","4565.00","276679","2766.790 BBL  ","126614.09","34240"
"23 Apr 2018","FUTCOM","CRUDEOILM    ","21MAY2018","-","0.00","4528.00","4575.00","4471.00","4565.00","4531.00","246282","2462.820 BBL  ","111348.80","37635"
"20 Apr 2018","FUTCOM","CRUDEOILM    ","21MAY2018","-","0.00","4525.00","4546.00","4485.00","4531.00","4529.00","210778","2107.780 BBL  ","95172.62","34320"
"19 Apr 2018","FUTCOM","CRUDEOILM    ","21MAY2018","-","0.00","4500.00","4590.00","4500.00","4529.00","4482.00","82524","825.240 BBL  ","37587.33","31842"
